filename,width,height,class,xmin,ymin,xmax,ymax
021.jpg,2400,3200,apple,2118,301,2221,421
021.jpg,2400,3200,apple,2057,997,2170,1113
021.jpg,2400,3200,apple,687,544,784,638
021.jpg,2400,3200,apple,540,1181,632,1279
021.jpg,2400,3200,apple,959,1321,1059,1411
021.jpg,2400,3200,apple,767,2008,876,2106
021.jpg,2400,3200,apple,494,1787,594,1865
021.jpg,2400,3200,apple,433,2224,567,2317
021.jpg,2400,3200,apple,21,2325,116,2427
021.jpg,2400,3200,apple,1291,2352,1400,2463
021.jpg,2400,3200,apple,1233,2163,1341,2265
021.jpg,2400,3200,apple,1413,2089,1514,2167
021.jpg,2400,3200,apple,1903,2427,1997,2536
021.jpg,2400,3200,apple,1972,2471,2072,2576
021.jpg,2400,3200,apple,740,695,840,786
021.jpg,2400,3200,apple,137,747,221,840
021.jpg,2400,3200,apple,1399,843,1497,930
021.jpg,2400,3200,apple,1384,714,1502,821
021.jpg,2400,3200,apple,2145,497,2256,600
021.jpg,2400,3200,apple,1438,592,1526,671
021.jpg,2400,3200,apple,1745,1249,1834,1330
021.jpg,2400,3200,apple,1552,2299,1641,2389
006.jpg,2400,3200,apple,1932,565,2062,700
006.jpg,2400,3200,apple,721,152,830,263
006.jpg,2400,3200,apple,739,1,830,103
006.jpg,2400,3200,apple,1513,363,1632,486
006.jpg,2400,3200,apple,1492,128,1611,241
006.jpg,2400,3200,apple,248,1611,349,1705
006.jpg,2400,3200,apple,719,1333,829,1438
006.jpg,2400,3200,apple,629,1260,735,1368
006.jpg,2400,3200,apple,1094,1689,1205,1786
006.jpg,2400,3200,apple,492,1997,602,2105
006.jpg,2400,3200,apple,832,2425,940,2543
006.jpg,2400,3200,apple,2116,2228,2211,2325
006.jpg,2400,3200,apple,2192,1782,2313,1897
006.jpg,2400,3200,apple,2213,1594,2318,1706
006.jpg,2400,3200,apple,2308,1462,2400,1563
006.jpg,2400,3200,apple,2176,1324,2281,1428
006.jpg,2400,3200,apple,2313,1,2400,87
007.jpg,2400,3200,apple,1416,1359,1532,1478
007.jpg,2400,3200,apple,1226,474,1324,573
007.jpg,2400,3200,apple,726,209,840,343
007.jpg,2400,3200,apple,205,129,330,244
007.jpg,2400,3200,apple,333,759,453,878
007.jpg,2400,3200,apple,87,2246,199,2349
007.jpg,2400,3200,apple,832,2543,941,2652
007.jpg,2400,3200,apple,1107,2519,1210,2611
007.jpg,2400,3200,apple,1318,2014,1429,2124
007.jpg,2400,3200,apple,1413,2090,1529,2195
007.jpg,2400,3200,apple,1502,2033,1616,2151
007.jpg,2400,3200,apple,1607,2076,1711,2194
007.jpg,2400,3200,apple,1911,1722,2013,1817
007.jpg,2400,3200,apple,2230,2132,2346,2260
007.jpg,2400,3200,apple,2318,2041,2400,2136
007.jpg,2400,3200,apple,2237,1606,2333,1681
007.jpg,2400,3200,apple,2062,1425,2168,1527
007.jpg,2400,3200,apple,2278,640,2386,736
007.jpg,2400,3200,apple,1632,447,1738,547
007.jpg,2400,3200,apple,1649,344,1765,446
007.jpg,2400,3200,apple,1419,465,1503,573
007.jpg,2400,3200,apple,846,255,948,365
007.jpg,2400,3200,apple,433,1355,541,1479
007.jpg,2400,3200,apple,597,1197,692,1300
007.jpg,2400,3200,apple,599,1103,716,1214
007.jpg,2400,3200,apple,1183,1667,1284,1763
007.jpg,2400,3200,apple,1287,2463,1413,2576
008.jpg,2400,3200,apple,513,211,622,330
008.jpg,2400,3200,apple,413,251,524,349
008.jpg,2400,3200,apple,43,108,165,240
008.jpg,2400,3200,apple,1505,138,1616,268
008.jpg,2400,3200,apple,1627,111,1746,236
008.jpg,2400,3200,apple,1533,1,1649,114
008.jpg,2400,3200,apple,1856,247,1968,367
008.jpg,2400,3200,apple,1513,592,1637,728
008.jpg,2400,3200,apple,1465,806,1572,913
008.jpg,2400,3200,apple,838,879,946,986
008.jpg,2400,3200,apple,711,800,826,903
008.jpg,2400,3200,apple,565,857,673,963
008.jpg,2400,3200,apple,484,852,580,954
008.jpg,2400,3200,apple,1333,1919,1451,2041
008.jpg,2400,3200,apple,1351,1792,1465,1900
008.jpg,2400,3200,apple,1505,2114,1629,2259
008.jpg,2400,3200,apple,1389,2465,1489,2563
008.jpg,2400,3200,apple,633,2125,740,2235
008.jpg,2400,3200,apple,35,2119,138,2232
008.jpg,2400,3200,apple,127,2187,233,2303
008.jpg,2400,3200,apple,2232,1263,2365,1378
008.jpg,2400,3200,apple,748,1508,853,1605
008.jpg,2400,3200,apple,659,1476,765,1574
008.jpg,2400,3200,apple,872,2727,968,2817
008.jpg,2400,3200,apple,646,381,753,484
008.jpg,2400,3200,apple,87,1855,203,1967
008.jpg,2400,3200,apple,1495,1481,1614,1582
008.jpg,2400,3200,apple,1960,1357,2075,1460
008.jpg,2400,3200,apple,1927,1532,2032,1646
008.jpg,2400,3200,apple,2113,213,2235,335
008.jpg,2400,3200,apple,1643,278,1754,394
008.jpg,2400,3200,apple,797,2368,883,2470
008.jpg,2400,3200,apple,2292,2809,2400,2931
008.jpg,2400,3200,apple,2141,1347,2243,1460
008.jpg,2400,3200,apple,651,1409,748,1497
008.jpg,2400,3200,apple,1426,1351,1540,1463
008.jpg,2400,3200,apple,259,1890,346,1974
009.jpg,2400,3200,apple,672,386,781,492
009.jpg,2400,3200,apple,1833,9,1964,160
009.jpg,2400,3200,apple,2280,825,2395,941
009.jpg,2400,3200,apple,2300,151,2400,280
009.jpg,2400,3200,apple,1640,809,1778,936
009.jpg,2400,3200,apple,1699,946,1826,1051
009.jpg,2400,3200,apple,1719,1901,1833,2019
009.jpg,2400,3200,apple,671,2121,780,2234
009.jpg,2400,3200,apple,508,770,630,882
009.jpg,2400,3200,apple,676,1019,792,1122
009.jpg,2400,3200,apple,421,1097,551,1211
009.jpg,2400,3200,apple,160,1541,265,1640
009.jpg,2400,3200,apple,1165,2211,1297,2344
009.jpg,2400,3200,apple,1387,2567,1491,2665
009.jpg,2400,3200,apple,295,1908,413,2001
009.jpg,2400,3200,apple,757,759,875,865
010.jpg,2400,3200,apple,173,1101,294,1198
010.jpg,2400,3200,apple,562,1071,673,1179
010.jpg,2400,3200,apple,1362,373,1478,503
010.jpg,2400,3200,apple,1603,1517,1722,1630
010.jpg,2400,3200,apple,2292,668,2400,802
010.jpg,2400,3200,apple,721,1419,826,1517
010.jpg,2400,3200,apple,1,1835,75,1933
010.jpg,2400,3200,apple,786,1925,903,2033
010.jpg,2400,3200,apple,908,2033,1011,2141
010.jpg,2400,3200,apple,1413,1874,1519,1987
010.jpg,2400,3200,apple,2087,2125,2213,2243
010.jpg,2400,3200,apple,2348,2128,2400,2255
010.jpg,2400,3200,apple,1167,2589,1300,2711
010.jpg,2400,3200,apple,1433,744,1543,841
011.jpg,2400,3200,apple,1818,1959,1926,2055
011.jpg,2400,3200,apple,1845,1833,1954,1927
011.jpg,2400,3200,apple,1319,2416,1424,2513
011.jpg,2400,3200,apple,1589,2376,1697,2471
011.jpg,2400,3200,apple,1014,2186,1124,2290
011.jpg,2400,3200,apple,146,927,283,1057
011.jpg,2400,3200,apple,114,25,243,136
012.jpg,2400,3200,apple,751,1201,875,1322
012.jpg,2400,3200,apple,968,1343,1080,1446
012.jpg,2400,3200,apple,851,965,949,1055
012.jpg,2400,3200,apple,1143,1084,1248,1182
012.jpg,2400,3200,apple,1814,1021,1938,1135
012.jpg,2400,3200,apple,1794,1133,1908,1241
012.jpg,2400,3200,apple,2107,871,2246,1019
012.jpg,2400,3200,apple,2067,1141,2172,1243
012.jpg,2400,3200,apple,1860,2033,1984,2168
012.jpg,2400,3200,apple,1065,2316,1180,2427
012.jpg,2400,3200,apple,440,2344,549,2446
012.jpg,2400,3200,apple,643,1462,748,1557
012.jpg,2400,3200,apple,246,1827,362,1917
012.jpg,2400,3200,apple,713,389,816,489
012.jpg,2400,3200,apple,599,544,716,652
012.jpg,2400,3200,apple,548,587,630,697
012.jpg,2400,3200,apple,300,1705,410,1801
012.jpg,2400,3200,apple,986,1527,1083,1627
012.jpg,2400,3200,apple,887,1632,987,1735
013.jpg,2400,3200,apple,1957,2517,2072,2627
013.jpg,2400,3200,apple,2319,1560,2400,1668
013.jpg,2400,3200,apple,1192,381,1286,482
013.jpg,2400,3200,apple,1,350,100,484
013.jpg,2400,3200,apple,376,1516,472,1611
013.jpg,2400,3200,apple,73,1055,192,1170
013.jpg,2400,3200,apple,173,1003,287,1135
013.jpg,2400,3200,apple,121,2190,200,2289
013.jpg,2400,3200,apple,1422,159,1513,255
013.jpg,2400,3200,apple,821,190,924,295
014.jpg,2400,3200,apple,1145,1111,1264,1233
014.jpg,2400,3200,apple,1649,1116,1767,1225
014.jpg,2400,3200,apple,2005,1063,2133,1194
014.jpg,2400,3200,apple,1424,1924,1553,2043
014.jpg,2400,3200,apple,780,806,899,917
014.jpg,2400,3200,apple,1562,311,1711,460
014.jpg,2400,3200,apple,489,182,616,308
014.jpg,2400,3200,apple,680,333,808,435
014.jpg,2400,3200,apple,1102,319,1213,441
014.jpg,2400,3200,apple,508,986,635,1111
014.jpg,2400,3200,apple,1076,1211,1199,1327
014.jpg,2400,3200,apple,1484,2368,1573,2471
014.jpg,2400,3200,apple,1622,1627,1722,1730
014.jpg,2400,3200,apple,1168,1762,1289,1871
014.jpg,2400,3200,apple,549,2470,672,2597
015.jpg,2400,3200,apple,116,155,222,265
015.jpg,2400,3200,apple,205,101,327,221
015.jpg,2400,3200,apple,397,136,511,265
015.jpg,2400,3200,apple,795,286,907,405
015.jpg,2400,3200,apple,1737,252,1848,379
015.jpg,2400,3200,apple,1638,462,1748,576
015.jpg,2400,3200,apple,1727,654,1848,774
015.jpg,2400,3200,apple,1467,1487,1597,1605
015.jpg,2400,3200,apple,1503,1098,1622,1209
015.jpg,2400,3200,apple,349,1292,456,1389
015.jpg,2400,3200,apple,76,1390,178,1482
015.jpg,2400,3200,apple,170,1719,289,1814
015.jpg,2400,3200,apple,1762,2557,1867,2649
015.jpg,2400,3200,apple,1978,938,2087,1035
015.jpg,2400,3200,apple,1,2611,91,2725
015.jpg,2400,3200,apple,65,2652,168,2755
015.jpg,2400,3200,apple,722,2044,840,2154
016.jpg,2400,3200,apple,1951,259,2065,363
016.jpg,2400,3200,apple,1729,262,1827,367
016.jpg,2400,3200,apple,1797,214,1900,314
016.jpg,2400,3200,apple,1040,170,1164,276
016.jpg,2400,3200,apple,981,259,1092,365
016.jpg,2400,3200,apple,1853,1340,1968,1432
016.jpg,2400,3200,apple,1781,1746,1895,1851
016.jpg,2400,3200,apple,1591,1435,1684,1521
016.jpg,2400,3200,apple,1494,2601,1581,2705
016.jpg,2400,3200,apple,846,2367,965,2457
016.jpg,2400,3200,apple,395,2259,510,2379
016.jpg,2400,3200,apple,357,1178,464,1265
016.jpg,2400,3200,apple,143,1351,253,1428
016.jpg,2400,3200,apple,283,2181,364,2262
016.jpg,2400,3200,apple,962,2487,1062,2576
016.jpg,2400,3200,apple,1691,789,1789,889
016.jpg,2400,3200,apple,433,1511,564,1622
016.jpg,2400,3200,apple,1691,1787,1787,1873
017.jpg,2400,3200,apple,1432,289,1537,394
017.jpg,2400,3200,apple,1394,78,1494,211
017.jpg,2400,3200,apple,1480,136,1586,240
017.jpg,2400,3200,apple,2262,294,2370,397
017.jpg,2400,3200,apple,1818,1111,1941,1221
017.jpg,2400,3200,apple,1921,1463,2018,1573
017.jpg,2400,3200,apple,2203,1382,2322,1481
017.jpg,2400,3200,apple,1130,1111,1243,1225
017.jpg,2400,3200,apple,535,946,643,1036
017.jpg,2400,3200,apple,821,1030,913,1116
017.jpg,2400,3200,apple,591,668,692,782
017.jpg,2400,3200,apple,446,2030,545,2127
017.jpg,2400,3200,apple,732,2255,848,2371
017.jpg,2400,3200,apple,1292,2144,1407,2259
017.jpg,2400,3200,apple,1292,1517,1414,1625
017.jpg,2400,3200,apple,1049,1309,1146,1403
017.jpg,2400,3200,apple,1783,2195,1881,2305
017.jpg,2400,3200,apple,1,2067,89,2174
017.jpg,2400,3200,apple,2270,2413,2378,2513
017.jpg,2400,3200,apple,1662,2025,1767,2119
017.jpg,2400,3200,apple,37,2433,140,2532
017.jpg,2400,3200,apple,397,1622,489,1711
018.jpg,2400,3200,apple,1359,1562,1451,1657
018.jpg,2400,3200,apple,1432,2173,1545,2287
018.jpg,2400,3200,apple,1932,2133,2037,2247
018.jpg,2400,3200,apple,1464,2559,1562,2647
018.jpg,2400,3200,apple,791,2360,899,2449
018.jpg,2400,3200,apple,526,2143,645,2246
018.jpg,2400,3200,apple,802,1976,905,2073
018.jpg,2400,3200,apple,107,1151,222,1262
018.jpg,2400,3200,apple,457,1262,570,1347
018.jpg,2400,3200,apple,664,1257,767,1362
018.jpg,2400,3200,apple,826,1073,930,1163
018.jpg,2400,3200,apple,883,667,980,741
018.jpg,2400,3200,apple,548,135,659,251
018.jpg,2400,3200,apple,1200,492,1295,595
018.jpg,2400,3200,apple,2168,13,2278,124
018.jpg,2400,3200,apple,1433,14,1546,128
018.jpg,2400,3200,apple,27,1192,130,1294
018.jpg,2400,3200,apple,1165,2214,1268,2314
018.jpg,2400,3200,apple,1397,1351,1503,1454
018.jpg,2400,3200,apple,1743,1738,1833,1819
018.jpg,2400,3200,apple,1813,2178,1924,2286
019.jpg,2400,3200,apple,1200,1054,1321,1167
019.jpg,2400,3200,apple,1473,1152,1586,1268
019.jpg,2400,3200,apple,1559,1260,1665,1360
019.jpg,2400,3200,apple,1656,1216,1768,1328
019.jpg,2400,3200,apple,2011,1324,2124,1430
019.jpg,2400,3200,apple,2273,1325,2389,1425
019.jpg,2400,3200,apple,1913,1116,2010,1209
019.jpg,2400,3200,apple,1976,2235,2111,2346
019.jpg,2400,3200,apple,2289,2457,2387,2568
019.jpg,2400,3200,apple,980,638,1081,740
019.jpg,2400,3200,apple,1459,503,1573,616
019.jpg,2400,3200,apple,1445,313,1562,425
019.jpg,2400,3200,apple,2153,167,2281,294
019.jpg,2400,3200,apple,559,949,665,1057
019.jpg,2400,3200,apple,640,444,745,544
019.jpg,2400,3200,apple,80,903,191,1019
019.jpg,2400,3200,apple,107,1422,207,1516
019.jpg,2400,3200,apple,43,1557,157,1660
019.jpg,2400,3200,apple,1127,2241,1240,2362
019.jpg,2400,3200,apple,1181,1152,1297,1255
019.jpg,2400,3200,apple,1089,1094,1200,1192
020.jpg,2400,3200,apple,1243,432,1356,547
020.jpg,2400,3200,apple,499,281,603,389
020.jpg,2400,3200,apple,492,946,600,1057
020.jpg,2400,3200,apple,635,892,741,987
020.jpg,2400,3200,apple,1391,949,1480,1044
020.jpg,2400,3200,apple,1921,986,2026,1095
020.jpg,2400,3200,apple,2032,668,2153,784
020.jpg,2400,3200,apple,1938,541,2056,633
020.jpg,2400,3200,apple,1357,1616,1465,1713
020.jpg,2400,3200,apple,1435,1495,1529,1574
020.jpg,2400,3200,apple,1653,1401,1756,1498
020.jpg,2400,3200,apple,905,2290,1003,2387
020.jpg,2400,3200,apple,191,2192,273,2273
020.jpg,2400,3200,apple,1241,2397,1346,2495
020.jpg,2400,3200,apple,1237,2584,1333,2687
020.jpg,2400,3200,apple,1611,1828,1718,1924
020.jpg,2400,3200,apple,2043,447,2164,538
020.jpg,2400,3200,apple,2332,1528,2400,1593
020.jpg,2400,3200,apple,583,460,684,557
020.jpg,2400,3200,apple,551,2333,629,2421
020.jpg,2400,3200,apple,468,2292,565,2376
022.jpg,2400,3200,apple,313,124,410,213
022.jpg,2400,3200,apple,1795,730,1886,825
022.jpg,2400,3200,apple,2180,1201,2283,1313
022.jpg,2400,3200,apple,2305,1160,2400,1264
022.jpg,2400,3200,apple,2075,1876,2168,1973
022.jpg,2400,3200,apple,2126,2367,2246,2484
022.jpg,2400,3200,apple,1530,2482,1635,2573
022.jpg,2400,3200,apple,1489,2617,1592,2716
022.jpg,2400,3200,apple,702,2284,819,2387
022.jpg,2400,3200,apple,1351,2035,1454,2122
022.jpg,2400,3200,apple,688,615,790,713
022.jpg,2400,3200,apple,126,622,251,738
023.jpg,2400,3200,apple,810,290,907,401
023.jpg,2400,3200,apple,730,281,822,395
023.jpg,2400,3200,apple,1535,621,1657,740
023.jpg,2400,3200,apple,2133,606,2232,706
023.jpg,2400,3200,apple,1533,317,1624,417
023.jpg,2400,3200,apple,1626,90,1741,195
023.jpg,2400,3200,apple,707,1246,819,1354
023.jpg,2400,3200,apple,630,1438,727,1533
023.jpg,2400,3200,apple,475,1151,572,1240
023.jpg,2400,3200,apple,170,1343,281,1444
023.jpg,2400,3200,apple,34,530,132,623
023.jpg,2400,3200,apple,768,2065,899,2189
023.jpg,2400,3200,apple,880,1962,1002,2073
023.jpg,2400,3200,apple,907,2240,1027,2357
023.jpg,2400,3200,apple,708,2173,802,2268
023.jpg,2400,3200,apple,1519,811,1629,906
023.jpg,2400,3200,apple,1930,1255,2024,1346
023.jpg,2400,3200,apple,2149,1255,2241,1344
023.jpg,2400,3200,apple,2170,2314,2275,2416
024.jpg,2400,3200,apple,548,1,642,109
024.jpg,2400,3200,apple,654,97,743,195
024.jpg,2400,3200,apple,664,359,773,463
024.jpg,2400,3200,apple,562,384,667,492
024.jpg,2400,3200,apple,391,676,499,779
024.jpg,2400,3200,apple,662,952,765,1052
024.jpg,2400,3200,apple,780,1359,878,1457
024.jpg,2400,3200,apple,148,1768,259,1871
024.jpg,2400,3200,apple,86,1674,183,1765
024.jpg,2400,3200,apple,1346,1614,1465,1722
024.jpg,2400,3200,apple,1256,1530,1368,1627
024.jpg,2400,3200,apple,1170,1725,1273,1817
024.jpg,2400,3200,apple,1118,1863,1218,1954
024.jpg,2400,3200,apple,967,1908,1081,2008
024.jpg,2400,3200,apple,1359,1281,1473,1392
024.jpg,2400,3200,apple,1618,1365,1729,1467
024.jpg,2400,3200,apple,1949,1144,2056,1238
024.jpg,2400,3200,apple,2186,1236,2330,1360
024.jpg,2400,3200,apple,2168,798,2291,908
024.jpg,2400,3200,apple,1505,478,1627,594
024.jpg,2400,3200,apple,1653,678,1768,790
024.jpg,2400,3200,apple,2035,1460,2137,1555
024.jpg,2400,3200,apple,2205,2270,2319,2376
024.jpg,2400,3200,apple,1359,2163,1462,2263
024.jpg,2400,3200,apple,610,2111,691,2190
024.jpg,2400,3200,apple,27,1832,130,1925
024.jpg,2400,3200,apple,244,1739,333,1844
025.jpg,2400,3200,apple,1222,174,1338,317
025.jpg,2400,3200,apple,1332,249,1445,371
025.jpg,2400,3200,apple,1854,541,1962,652
025.jpg,2400,3200,apple,1983,217,2087,332
025.jpg,2400,3200,apple,2072,836,2175,947
025.jpg,2400,3200,apple,1873,790,1976,900
025.jpg,2400,3200,apple,2156,1284,2268,1384
025.jpg,2400,3200,apple,1756,1319,1851,1401
025.jpg,2400,3200,apple,1827,1379,1922,1474
025.jpg,2400,3200,apple,2248,1854,2373,1962
025.jpg,2400,3200,apple,1395,1733,1510,1838
025.jpg,2400,3200,apple,884,1863,1005,1962
025.jpg,2400,3200,apple,964,1932,1068,2025
025.jpg,2400,3200,apple,211,414,332,516
025.jpg,2400,3200,apple,216,836,338,946
025.jpg,2400,3200,apple,68,1108,178,1214
025.jpg,2400,3200,apple,172,1111,297,1208
025.jpg,2400,3200,apple,227,1236,343,1359
025.jpg,2400,3200,apple,205,1397,311,1486
025.jpg,2400,3200,apple,580,1190,689,1282
025.jpg,2400,3200,apple,53,1813,160,1908
025.jpg,2400,3200,apple,178,1800,289,1886
025.jpg,2400,3200,apple,232,2221,345,2313
025.jpg,2400,3200,apple,121,2265,226,2363
025.jpg,2400,3200,apple,480,2189,589,2276
025.jpg,2400,3200,apple,641,2098,762,2205
025.jpg,2400,3200,apple,719,2244,833,2349
025.jpg,2400,3200,apple,989,2295,1095,2389
025.jpg,2400,3200,apple,1211,2465,1338,2578
025.jpg,2400,3200,apple,1151,2163,1262,2274
025.jpg,2400,3200,apple,1213,2068,1326,2176
025.jpg,2400,3200,apple,1351,1628,1451,1716
025.jpg,2400,3200,apple,1125,1535,1233,1627
025.jpg,2400,3200,apple,2060,184,2186,290
025.jpg,2400,3200,apple,941,943,1054,1027
025.jpg,2400,3200,apple,476,1206,587,1301
025.jpg,2400,3200,apple,1545,1714,1654,1811
026.jpg,2400,3200,apple,1762,546,1848,630
026.jpg,2400,3200,apple,1672,505,1776,603
026.jpg,2400,3200,apple,1008,479,1100,568
026.jpg,2400,3200,apple,149,1305,257,1395
026.jpg,2400,3200,apple,405,1652,495,1730
026.jpg,2400,3200,apple,622,1932,718,2013
026.jpg,2400,3200,apple,418,2121,508,2194
026.jpg,2400,3200,apple,451,1989,540,2071
026.jpg,2400,3200,apple,167,2078,286,2176
026.jpg,2400,3200,apple,1,2050,122,2151
026.jpg,2400,3200,apple,399,1365,492,1443
026.jpg,2400,3200,apple,2332,840,2400,938
026.jpg,2400,3200,apple,2307,4,2400,100
026.jpg,2400,3200,apple,2018,2371,2124,2468
026.jpg,2400,3200,apple,1597,1671,1719,1778
026.jpg,2400,3200,apple,1533,1522,1638,1616
026.jpg,2400,3200,apple,1476,1132,1575,1232
027.jpg,2400,3200,apple,672,9,786,113
027.jpg,2400,3200,apple,122,224,224,335
027.jpg,2400,3200,apple,30,143,138,247
027.jpg,2400,3200,apple,113,554,211,654
027.jpg,2400,3200,apple,19,519,131,635
027.jpg,2400,3200,apple,783,759,900,873
027.jpg,2400,3200,apple,754,857,862,971
027.jpg,2400,3200,apple,849,863,960,974
027.jpg,2400,3200,apple,802,655,922,763
027.jpg,2400,3200,apple,1522,641,1627,751
027.jpg,2400,3200,apple,1995,798,2086,906
027.jpg,2400,3200,apple,1749,1141,1868,1228
027.jpg,2400,3200,apple,1508,1376,1613,1478
027.jpg,2400,3200,apple,1611,216,1714,311
027.jpg,2400,3200,apple,1583,344,1705,463
027.jpg,2400,3200,apple,2249,576,2370,692
027.jpg,2400,3200,apple,1533,1781,1654,1895
027.jpg,2400,3200,apple,1453,1827,1562,1928
027.jpg,2400,3200,apple,1151,2128,1268,2240
027.jpg,2400,3200,apple,7,1697,122,1819
027.jpg,2400,3200,apple,592,2376,687,2463
027.jpg,2400,3200,apple,765,2481,878,2578
027.jpg,2400,3200,apple,2116,2109,2224,2203
027.jpg,2400,3200,apple,2286,2236,2368,2330
027.jpg,2400,3200,apple,2141,1551,2254,1659
027.jpg,2400,3200,apple,2072,1732,2178,1830
027.jpg,2400,3200,apple,5,2227,113,2332
028.jpg,2400,3200,apple,586,916,692,1003
028.jpg,2400,3200,apple,745,719,856,817
028.jpg,2400,3200,apple,1594,528,1718,628
028.jpg,2400,3200,apple,2237,454,2348,551
028.jpg,2400,3200,apple,113,1682,227,1778
028.jpg,2400,3200,apple,148,1751,267,1841
028.jpg,2400,3200,apple,703,1665,803,1752
028.jpg,2400,3200,apple,414,1243,514,1328
028.jpg,2400,3200,apple,14,751,124,844
028.jpg,2400,3200,apple,2133,551,2229,630
028.jpg,2400,3200,apple,2153,1227,2264,1308
028.jpg,2400,3200,apple,1975,1344,2083,1439
028.jpg,2400,3200,apple,1140,2022,1238,2108
028.jpg,2400,3200,apple,1494,2252,1605,2360
028.jpg,2400,3200,apple,708,1736,813,1835
028.jpg,2400,3200,apple,694,1847,783,1922
028.jpg,2400,3200,apple,1602,665,1724,776
028.jpg,2400,3200,apple,154,319,262,425
028.jpg,2400,3200,apple,243,1055,335,1138
028.jpg,2400,3200,apple,249,1830,346,1921
028.jpg,2400,3200,apple,857,2344,959,2421
028.jpg,2400,3200,apple,784,2209,886,2299
028.jpg,2400,3200,apple,589,1377,683,1471
029.jpg,2400,3200,apple,1445,940,1556,1036
029.jpg,2400,3200,apple,1584,181,1689,271
029.jpg,2400,3200,apple,1462,197,1554,294
029.jpg,2400,3200,apple,546,278,663,400
029.jpg,2400,3200,apple,1218,665,1311,768
029.jpg,2400,3200,apple,1546,304,1649,426
029.jpg,2400,3200,apple,2272,471,2400,601
029.jpg,2400,3200,apple,2035,1215,2153,1321
029.jpg,2400,3200,apple,2034,1329,2162,1438
029.jpg,2400,3200,apple,595,1158,696,1248
029.jpg,2400,3200,apple,438,1296,547,1392
029.jpg,2400,3200,apple,1417,1265,1525,1363
029.jpg,2400,3200,apple,1103,1403,1196,1488
029.jpg,2400,3200,apple,276,1511,369,1585
029.jpg,2400,3200,apple,817,1688,932,1796
029.jpg,2400,3200,apple,757,1937,865,2038
029.jpg,2400,3200,apple,295,1681,406,1784
029.jpg,2400,3200,apple,419,271,523,370
029.jpg,2400,3200,apple,1088,582,1195,685
029.jpg,2400,3200,apple,2265,1239,2357,1335
029.jpg,2400,3200,apple,1639,1895,1752,2007
029.jpg,2400,3200,apple,1612,2177,1694,2263
029.jpg,2400,3200,apple,1528,1946,1638,2071
030.jpg,2400,3200,apple,633,977,746,1086
030.jpg,2400,3200,apple,828,1123,950,1230
030.jpg,2400,3200,apple,939,1203,1054,1314
030.jpg,2400,3200,apple,1616,1123,1731,1224
030.jpg,2400,3200,apple,1660,987,1783,1096
030.jpg,2400,3200,apple,2080,1003,2197,1105
030.jpg,2400,3200,apple,2235,1074,2341,1190
030.jpg,2400,3200,apple,2159,1085,2253,1191
030.jpg,2400,3200,apple,2129,1245,2237,1353
030.jpg,2400,3200,apple,97,1252,236,1358
030.jpg,2400,3200,apple,247,1537,365,1640
030.jpg,2400,3200,apple,582,1652,694,1754
030.jpg,2400,3200,apple,720,1798,856,1906
030.jpg,2400,3200,apple,804,1669,920,1771
030.jpg,2400,3200,apple,856,1562,986,1664
030.jpg,2400,3200,apple,1283,1859,1426,1996
030.jpg,2400,3200,apple,1369,2047,1494,2156
030.jpg,2400,3200,apple,1183,1959,1305,2074
030.jpg,2400,3200,apple,919,1956,1037,2068
030.jpg,2400,3200,apple,406,2044,535,2173
030.jpg,2400,3200,apple,235,2377,351,2480
030.jpg,2400,3200,apple,2304,1989,2400,2095
030.jpg,2400,3200,apple,2250,1633,2370,1739
030.jpg,2400,3200,apple,1435,1929,1550,2046
030.jpg,2400,3200,apple,2165,1398,2257,1491
030.jpg,2400,3200,apple,1540,265,1680,401
030.jpg,2400,3200,apple,1,2454,95,2547
030.jpg,2400,3200,apple,92,2400,204,2502
030.jpg,2400,3200,apple,149,2474,259,2577
031.jpg,2400,3200,apple,1881,36,1998,170
031.jpg,2400,3200,apple,1840,351,1965,478
031.jpg,2400,3200,apple,1684,369,1811,492
031.jpg,2400,3200,apple,1639,253,1742,362
031.jpg,2400,3200,apple,1014,664,1136,779
031.jpg,2400,3200,apple,1092,734,1200,847
031.jpg,2400,3200,apple,993,777,1097,875
031.jpg,2400,3200,apple,1157,951,1262,1050
031.jpg,2400,3200,apple,1555,908,1690,1028
031.jpg,2400,3200,apple,1720,625,1847,741
031.jpg,2400,3200,apple,805,1058,927,1166
031.jpg,2400,3200,apple,650,1197,775,1321
031.jpg,2400,3200,apple,471,1061,578,1172
031.jpg,2400,3200,apple,1887,935,2007,1051
031.jpg,2400,3200,apple,2095,1457,2202,1558
031.jpg,2400,3200,apple,1733,1712,1851,1838
031.jpg,2400,3200,apple,1897,1903,2035,2040
031.jpg,2400,3200,apple,572,1749,691,1857
031.jpg,2400,3200,apple,880,1759,979,1865
031.jpg,2400,3200,apple,970,1752,1082,1855
031.jpg,2400,3200,apple,1294,2008,1430,2138
031.jpg,2400,3200,apple,1465,2130,1580,2239
031.jpg,2400,3200,apple,1547,2167,1649,2262
031.jpg,2400,3200,apple,661,2133,783,2243
031.jpg,2400,3200,apple,508,2101,620,2201
031.jpg,2400,3200,apple,1184,2587,1304,2695
032.jpg,2400,3200,apple,562,392,690,516
032.jpg,2400,3200,apple,434,462,559,583
032.jpg,2400,3200,apple,685,545,806,671
032.jpg,2400,3200,apple,799,519,915,643
032.jpg,2400,3200,apple,1627,490,1753,613
032.jpg,2400,3200,apple,1624,259,1745,383
032.jpg,2400,3200,apple,1661,892,1764,999
032.jpg,2400,3200,apple,1571,944,1690,1063
032.jpg,2400,3200,apple,1452,1006,1571,1112
032.jpg,2400,3200,apple,1717,1115,1825,1219
032.jpg,2400,3200,apple,925,968,1057,1086
032.jpg,2400,3200,apple,527,1071,654,1183
032.jpg,2400,3200,apple,459,1052,569,1157
032.jpg,2400,3200,apple,522,1187,641,1294
032.jpg,2400,3200,apple,605,1275,721,1388
032.jpg,2400,3200,apple,1583,1342,1689,1445
032.jpg,2400,3200,apple,1,944,92,1052
032.jpg,2400,3200,apple,327,1461,440,1563
032.jpg,2400,3200,apple,1783,1533,1903,1637
032.jpg,2400,3200,apple,794,1601,892,1691
032.jpg,2400,3200,apple,752,1869,889,1993
032.jpg,2400,3200,apple,372,2023,502,2141
032.jpg,2400,3200,apple,1422,1687,1534,1797
032.jpg,2400,3200,apple,1413,2068,1510,2163
032.jpg,2400,3200,apple,1543,2169,1654,2296
032.jpg,2400,3200,apple,1503,2358,1634,2473
032.jpg,2400,3200,apple,1294,2619,1394,2741
032.jpg,2400,3200,apple,637,2673,755,2782
032.jpg,2400,3200,apple,829,2227,937,2351
032.jpg,2400,3200,apple,2288,1935,2400,2055
032.jpg,2400,3200,apple,1320,1713,1423,1817
032.jpg,2400,3200,apple,1744,1279,1848,1384
033.jpg,2400,3200,apple,783,1,914,110
033.jpg,2400,3200,apple,830,136,954,272
033.jpg,2400,3200,apple,968,130,1085,251
033.jpg,2400,3200,apple,1664,348,1789,498
033.jpg,2400,3200,apple,2008,799,2131,945
033.jpg,2400,3200,apple,20,792,135,903
033.jpg,2400,3200,apple,125,963,241,1091
033.jpg,2400,3200,apple,1806,876,1921,982
033.jpg,2400,3200,apple,1923,1099,2029,1195
033.jpg,2400,3200,apple,2068,1216,2170,1322
033.jpg,2400,3200,apple,1891,1242,2018,1368
033.jpg,2400,3200,apple,265,1236,373,1336
033.jpg,2400,3200,apple,964,1344,1075,1453
033.jpg,2400,3200,apple,723,1653,838,1762
033.jpg,2400,3200,apple,1044,1698,1165,1822
033.jpg,2400,3200,apple,1270,1621,1396,1738
033.jpg,2400,3200,apple,1213,1766,1317,1855
033.jpg,2400,3200,apple,968,1971,1094,2108
033.jpg,2400,3200,apple,1070,2039,1194,2158
033.jpg,2400,3200,apple,1278,1962,1401,2071
033.jpg,2400,3200,apple,1371,1904,1477,2004
033.jpg,2400,3200,apple,280,1756,372,1831
033.jpg,2400,3200,apple,395,1878,499,1979
033.jpg,2400,3200,apple,2035,1547,2142,1641
033.jpg,2400,3200,apple,2235,1644,2338,1754
033.jpg,2400,3200,apple,2317,1988,2396,2062
033.jpg,2400,3200,apple,1610,1096,1697,1177
034.jpg,2400,3200,apple,526,50,628,155
034.jpg,2400,3200,apple,626,145,735,258
034.jpg,2400,3200,apple,2226,71,2342,183
034.jpg,2400,3200,apple,2261,379,2372,480
034.jpg,2400,3200,apple,2162,577,2269,668
034.jpg,2400,3200,apple,1753,831,1871,955
034.jpg,2400,3200,apple,2053,802,2150,894
034.jpg,2400,3200,apple,503,1180,620,1293
034.jpg,2400,3200,apple,1189,1294,1296,1395
034.jpg,2400,3200,apple,1277,1077,1377,1180
034.jpg,2400,3200,apple,2182,1112,2303,1229
034.jpg,2400,3200,apple,2212,1202,2336,1306
034.jpg,2400,3200,apple,38,1474,162,1577
034.jpg,2400,3200,apple,794,1570,919,1694
034.jpg,2400,3200,apple,1329,1552,1449,1668
034.jpg,2400,3200,apple,1832,1827,1956,1950
034.jpg,2400,3200,apple,2294,1825,2400,1918
034.jpg,2400,3200,apple,1266,1987,1373,2083
034.jpg,2400,3200,apple,1583,2178,1696,2287
034.jpg,2400,3200,apple,2037,2171,2141,2289
034.jpg,2400,3200,apple,175,2292,294,2393
035.jpg,2400,3200,apple,177,139,277,231
035.jpg,2400,3200,apple,461,93,585,214
035.jpg,2400,3200,apple,420,418,528,515
035.jpg,2400,3200,apple,489,608,590,708
035.jpg,2400,3200,apple,485,832,586,925
035.jpg,2400,3200,apple,109,864,236,980
035.jpg,2400,3200,apple,1689,646,1817,770
035.jpg,2400,3200,apple,1777,1015,1868,1110
035.jpg,2400,3200,apple,759,1195,863,1297
035.jpg,2400,3200,apple,365,1168,469,1274
035.jpg,2400,3200,apple,438,1264,550,1369
035.jpg,2400,3200,apple,773,1436,884,1539
035.jpg,2400,3200,apple,1552,1098,1677,1208
035.jpg,2400,3200,apple,1892,1411,1998,1507
035.jpg,2400,3200,apple,1601,1504,1717,1615
035.jpg,2400,3200,apple,28,1884,150,2000
035.jpg,2400,3200,apple,637,1874,741,1964
035.jpg,2400,3200,apple,883,2035,1000,2159
035.jpg,2400,3200,apple,832,2110,937,2205
035.jpg,2400,3200,apple,919,2141,1023,2238
035.jpg,2400,3200,apple,1065,1636,1166,1738
035.jpg,2400,3200,apple,1865,1837,1968,1939
035.jpg,2400,3200,apple,2124,2209,2239,2316
035.jpg,2400,3200,apple,246,2101,359,2198
035.jpg,2400,3200,apple,757,2401,856,2508
035.jpg,2400,3200,apple,2223,2219,2333,2328
036.jpg,2400,3200,apple,1642,553,1746,651
036.jpg,2400,3200,apple,540,1002,672,1120
036.jpg,2400,3200,apple,27,1103,122,1202
036.jpg,2400,3200,apple,102,1128,205,1234
036.jpg,2400,3200,apple,144,1336,258,1437
036.jpg,2400,3200,apple,607,1234,718,1333
036.jpg,2400,3200,apple,1090,1258,1195,1359
036.jpg,2400,3200,apple,1014,1210,1118,1296
036.jpg,2400,3200,apple,1399,1165,1519,1263
036.jpg,2400,3200,apple,1615,941,1731,1052
036.jpg,2400,3200,apple,1481,920,1593,1016
036.jpg,2400,3200,apple,2158,1031,2270,1131
036.jpg,2400,3200,apple,2215,1506,2336,1618
036.jpg,2400,3200,apple,2318,1387,2400,1491
036.jpg,2400,3200,apple,1973,1306,2086,1407
036.jpg,2400,3200,apple,1723,1205,1831,1298
036.jpg,2400,3200,apple,1674,1302,1773,1385
036.jpg,2400,3200,apple,1669,1585,1790,1693
036.jpg,2400,3200,apple,114,1493,232,1598
036.jpg,2400,3200,apple,1022,1547,1130,1646
036.jpg,2400,3200,apple,1114,1744,1210,1837
036.jpg,2400,3200,apple,1106,1846,1203,1940
036.jpg,2400,3200,apple,284,1911,380,1993
036.jpg,2400,3200,apple,138,1912,239,2012
036.jpg,2400,3200,apple,433,2267,547,2371
036.jpg,2400,3200,apple,1545,1667,1651,1758
036.jpg,2400,3200,apple,1688,1914,1789,2015
036.jpg,2400,3200,apple,1847,2034,1974,2146
036.jpg,2400,3200,apple,1948,1652,2060,1749
036.jpg,2400,3200,apple,1487,2195,1597,2302
037.jpg,2400,3200,apple,1614,185,1723,341
037.jpg,2400,3200,apple,1783,337,1916,481
037.jpg,2400,3200,apple,1670,387,1803,520
037.jpg,2400,3200,apple,1573,476,1705,610
037.jpg,2400,3200,apple,1640,691,1747,824
037.jpg,2400,3200,apple,1723,684,1859,811
037.jpg,2400,3200,apple,2298,254,2400,367
037.jpg,2400,3200,apple,31,670,141,785
037.jpg,2400,3200,apple,872,1030,982,1136
037.jpg,2400,3200,apple,940,1111,1037,1223
037.jpg,2400,3200,apple,1015,1135,1152,1277
037.jpg,2400,3200,apple,38,1079,143,1163
037.jpg,2400,3200,apple,593,1181,718,1282
037.jpg,2400,3200,apple,170,1373,276,1467
037.jpg,2400,3200,apple,426,1476,533,1574
037.jpg,2400,3200,apple,111,1480,218,1572
037.jpg,2400,3200,apple,748,1555,866,1659
037.jpg,2400,3200,apple,690,1685,809,1801
037.jpg,2400,3200,apple,22,1793,152,1901
037.jpg,2400,3200,apple,424,1831,545,1946
037.jpg,2400,3200,apple,143,1945,283,2055
037.jpg,2400,3200,apple,847,2011,968,2121
037.jpg,2400,3200,apple,1120,1323,1221,1425
037.jpg,2400,3200,apple,1472,2126,1582,2244
037.jpg,2400,3200,apple,1670,2178,1795,2289
037.jpg,2400,3200,apple,596,2198,718,2312
037.jpg,2400,3200,apple,217,2050,324,2159
037.jpg,2400,3200,apple,1653,1618,1751,1706
037.jpg,2400,3200,apple,686,388,799,508
038.jpg,2400,3200,apple,1479,2,1607,151
038.jpg,2400,3200,apple,507,597,619,712
038.jpg,2400,3200,apple,766,609,887,726
038.jpg,2400,3200,apple,2053,602,2183,718
038.jpg,2400,3200,apple,649,1037,772,1152
038.jpg,2400,3200,apple,1323,1090,1433,1198
038.jpg,2400,3200,apple,1981,1277,2109,1403
038.jpg,2400,3200,apple,2041,1474,2170,1585
038.jpg,2400,3200,apple,1930,1394,2036,1490
038.jpg,2400,3200,apple,1973,1559,2090,1666
038.jpg,2400,3200,apple,248,1496,343,1583
038.jpg,2400,3200,apple,103,1787,224,1903
038.jpg,2400,3200,apple,205,1748,323,1851
038.jpg,2400,3200,apple,1131,1658,1218,1744
038.jpg,2400,3200,apple,1371,1763,1493,1871
038.jpg,2400,3200,apple,1834,1713,1955,1818
038.jpg,2400,3200,apple,1892,1615,2012,1728
038.jpg,2400,3200,apple,161,2258,275,2366
038.jpg,2400,3200,apple,107,2328,229,2441
038.jpg,2400,3200,apple,1022,2057,1134,2191
038.jpg,2400,3200,apple,1283,1930,1389,2036
038.jpg,2400,3200,apple,1566,2089,1685,2212
038.jpg,2400,3200,apple,1740,2089,1864,2208
038.jpg,2400,3200,apple,2257,1992,2354,2096
038.jpg,2400,3200,apple,1389,1188,1492,1293
039.jpg,2400,3200,apple,837,401,956,534
039.jpg,2400,3200,apple,192,499,331,627
039.jpg,2400,3200,apple,1016,264,1137,381
039.jpg,2400,3200,apple,1985,687,2104,807
039.jpg,2400,3200,apple,1895,880,2025,1024
039.jpg,2400,3200,apple,999,994,1098,1096
039.jpg,2400,3200,apple,1348,1092,1444,1193
039.jpg,2400,3200,apple,1564,1148,1661,1252
039.jpg,2400,3200,apple,27,1219,175,1351
039.jpg,2400,3200,apple,99,1423,217,1535
039.jpg,2400,3200,apple,1095,1138,1189,1230
039.jpg,2400,3200,apple,428,1751,525,1839
039.jpg,2400,3200,apple,598,1777,697,1862
039.jpg,2400,3200,apple,799,1754,903,1845
039.jpg,2400,3200,apple,643,1952,749,2050
039.jpg,2400,3200,apple,1026,1808,1132,1909
039.jpg,2400,3200,apple,1499,1710,1609,1808
039.jpg,2400,3200,apple,1405,1902,1525,1996
039.jpg,2400,3200,apple,1768,1933,1897,2060
039.jpg,2400,3200,apple,1701,2035,1829,2154
040.jpg,2400,3200,apple,1545,533,1656,643
040.jpg,2400,3200,apple,1865,357,1983,480
040.jpg,2400,3200,apple,1620,762,1726,871
040.jpg,2400,3200,apple,83,690,190,792
040.jpg,2400,3200,apple,4,878,132,1008
040.jpg,2400,3200,apple,84,1016,227,1140
040.jpg,2400,3200,apple,1456,1084,1568,1205
040.jpg,2400,3200,apple,1556,1056,1677,1177
040.jpg,2400,3200,apple,539,1520,675,1641
040.jpg,2400,3200,apple,963,1662,1080,1775
040.jpg,2400,3200,apple,2258,1324,2364,1424
040.jpg,2400,3200,apple,2112,2167,2218,2268
040.jpg,2400,3200,apple,2024,2186,2130,2292
040.jpg,2400,3200,apple,2068,2329,2169,2432
040.jpg,2400,3200,apple,1587,2071,1684,2163
040.jpg,2400,3200,apple,1665,2042,1757,2127
040.jpg,2400,3200,apple,1468,2194,1558,2280
041.jpg,2400,3200,apple,2162,76,2295,211
041.jpg,2400,3200,apple,796,366,909,483
041.jpg,2400,3200,apple,7,521,142,647
041.jpg,2400,3200,apple,934,688,1063,830
041.jpg,2400,3200,apple,1323,596,1416,712
041.jpg,2400,3200,apple,1413,621,1545,730
041.jpg,2400,3200,apple,937,881,1044,1001
041.jpg,2400,3200,apple,1021,867,1149,989
041.jpg,2400,3200,apple,1786,858,1913,986
041.jpg,2400,3200,apple,1887,877,1990,997
041.jpg,2400,3200,apple,900,1086,1022,1191
041.jpg,2400,3200,apple,2015,1242,2145,1360
041.jpg,2400,3200,apple,799,1611,939,1735
041.jpg,2400,3200,apple,1604,1697,1727,1826
041.jpg,2400,3200,apple,1948,1597,2077,1735
041.jpg,2400,3200,apple,2068,1650,2204,1791
041.jpg,2400,3200,apple,2292,1311,2388,1419
041.jpg,2400,3200,apple,2183,1649,2289,1753
041.jpg,2400,3200,apple,434,1722,538,1814
041.jpg,2400,3200,apple,57,2168,144,2259
041.jpg,2400,3200,apple,988,2049,1121,2174
041.jpg,2400,3200,apple,1208,2079,1318,2188
041.jpg,2400,3200,apple,937,2365,1039,2471
041.jpg,2400,3200,apple,1165,2743,1289,2863
041.jpg,2400,3200,apple,469,2468,578,2582
042.jpg,2400,3200,apple,67,241,211,376
042.jpg,2400,3200,apple,713,203,854,340
042.jpg,2400,3200,apple,1741,124,1870,257
042.jpg,2400,3200,apple,1894,141,2038,289
042.jpg,2400,3200,apple,1881,417,2011,576
042.jpg,2400,3200,apple,643,562,773,682
042.jpg,2400,3200,apple,824,578,967,713
042.jpg,2400,3200,apple,813,732,937,840
042.jpg,2400,3200,apple,2024,721,2170,860
042.jpg,2400,3200,apple,2084,889,2222,1021
042.jpg,2400,3200,apple,2281,897,2392,1036
042.jpg,2400,3200,apple,522,978,673,1114
042.jpg,2400,3200,apple,673,967,811,1111
042.jpg,2400,3200,apple,599,1094,749,1230
042.jpg,2400,3200,apple,165,1462,313,1601
042.jpg,2400,3200,apple,557,1724,684,1865
042.jpg,2400,3200,apple,492,1535,629,1670
042.jpg,2400,3200,apple,1576,1501,1724,1614
042.jpg,2400,3200,apple,1587,1609,1732,1733
042.jpg,2400,3200,apple,1361,1714,1510,1826
042.jpg,2400,3200,apple,948,2079,1091,2219
042.jpg,2400,3200,apple,829,2181,965,2308
042.jpg,2400,3200,apple,787,2407,911,2531
042.jpg,2400,3200,apple,207,1814,327,1930
042.jpg,2400,3200,apple,2094,1871,2232,2008
042.jpg,2400,3200,apple,1733,2054,1884,2214
042.jpg,2400,3200,apple,297,1427,416,1544
042.jpg,2400,3200,apple,116,1835,242,1939
042.jpg,2400,3200,apple,1028,1424,1139,1525
042.jpg,2400,3200,apple,1652,1690,1763,1806
043.jpg,2400,3200,apple,536,604,650,737
043.jpg,2400,3200,apple,601,418,711,533
043.jpg,2400,3200,apple,811,475,907,580
043.jpg,2400,3200,apple,791,583,894,670
043.jpg,2400,3200,apple,646,660,770,781
043.jpg,2400,3200,apple,1508,746,1619,856
043.jpg,2400,3200,apple,1643,751,1754,865
043.jpg,2400,3200,apple,1664,473,1773,571
043.jpg,2400,3200,apple,1801,504,1910,625
043.jpg,2400,3200,apple,1706,284,1829,416
043.jpg,2400,3200,apple,2005,465,2102,586
043.jpg,2400,3200,apple,2129,796,2247,926
043.jpg,2400,3200,apple,419,1112,531,1205
043.jpg,2400,3200,apple,2003,1004,2108,1106
043.jpg,2400,3200,apple,610,1366,719,1473
043.jpg,2400,3200,apple,1455,1333,1554,1434
043.jpg,2400,3200,apple,1872,1407,1996,1527
043.jpg,2400,3200,apple,1680,1519,1803,1631
043.jpg,2400,3200,apple,1589,1437,1702,1539
043.jpg,2400,3200,apple,1480,1637,1587,1738
043.jpg,2400,3200,apple,1608,1631,1715,1735
043.jpg,2400,3200,apple,1826,1596,1935,1703
043.jpg,2400,3200,apple,1040,1572,1134,1660
043.jpg,2400,3200,apple,784,1889,892,1992
043.jpg,2400,3200,apple,826,2004,939,2096
043.jpg,2400,3200,apple,228,1875,354,1975
043.jpg,2400,3200,apple,211,2026,342,2132
043.jpg,2400,3200,apple,139,2316,259,2415
043.jpg,2400,3200,apple,59,2014,163,2114
043.jpg,2400,3200,apple,23,1443,134,1546
043.jpg,2400,3200,apple,1295,2147,1398,2241
043.jpg,2400,3200,apple,1258,2450,1349,2551
043.jpg,2400,3200,apple,1159,2733,1258,2829
043.jpg,2400,3200,apple,1095,2330,1188,2428
043.jpg,2400,3200,apple,2275,1171,2356,1253
043.jpg,2400,3200,apple,72,193,190,295
044.jpg,2400,3200,apple,1,117,113,235
044.jpg,2400,3200,apple,1501,120,1617,256
044.jpg,2400,3200,apple,1549,212,1678,355
044.jpg,2400,3200,apple,1573,408,1686,527
044.jpg,2400,3200,apple,1671,489,1790,616
044.jpg,2400,3200,apple,1795,515,1907,641
044.jpg,2400,3200,apple,2199,434,2302,533
044.jpg,2400,3200,apple,217,470,338,585
044.jpg,2400,3200,apple,506,478,629,610
044.jpg,2400,3200,apple,626,548,753,685
044.jpg,2400,3200,apple,741,558,842,675
044.jpg,2400,3200,apple,811,559,911,668
044.jpg,2400,3200,apple,211,817,335,935
044.jpg,2400,3200,apple,141,1017,256,1119
044.jpg,2400,3200,apple,1388,1044,1483,1130
044.jpg,2400,3200,apple,1987,977,2101,1077
044.jpg,2400,3200,apple,2268,1188,2377,1277
044.jpg,2400,3200,apple,1540,1323,1652,1422
044.jpg,2400,3200,apple,1355,1392,1441,1477
044.jpg,2400,3200,apple,139,1337,244,1419
044.jpg,2400,3200,apple,286,1172,379,1265
044.jpg,2400,3200,apple,642,1202,734,1280
044.jpg,2400,3200,apple,1,1441,102,1550
044.jpg,2400,3200,apple,841,1738,962,1847
044.jpg,2400,3200,apple,1027,1923,1138,2036
044.jpg,2400,3200,apple,1589,1974,1695,2089
044.jpg,2400,3200,apple,86,1735,193,1827
044.jpg,2400,3200,apple,244,1871,350,1957
044.jpg,2400,3200,apple,444,2171,568,2280
044.jpg,2400,3200,apple,975,2378,1082,2488
044.jpg,2400,3200,apple,1704,2147,1807,2257
044.jpg,2400,3200,apple,1997,2278,2101,2392
044.jpg,2400,3200,apple,2251,2338,2372,2452
044.jpg,2400,3200,apple,1298,2195,1392,2277
044.jpg,2400,3200,apple,1643,2629,1717,2713
044.jpg,2400,3200,apple,1602,2674,1678,2748
045.jpg,2400,3200,apple,429,345,552,465
045.jpg,2400,3200,apple,1457,201,1577,327
045.jpg,2400,3200,apple,573,614,690,746
045.jpg,2400,3200,apple,959,783,1062,892
045.jpg,2400,3200,apple,1104,870,1214,978
045.jpg,2400,3200,apple,1631,644,1731,742
045.jpg,2400,3200,apple,50,944,167,1056
045.jpg,2400,3200,apple,577,829,699,944
045.jpg,2400,3200,apple,480,1141,589,1235
045.jpg,2400,3200,apple,379,1167,481,1259
045.jpg,2400,3200,apple,720,1049,815,1139
045.jpg,2400,3200,apple,680,1135,785,1230
045.jpg,2400,3200,apple,35,1223,146,1317
045.jpg,2400,3200,apple,1587,987,1695,1094
045.jpg,2400,3200,apple,1409,1035,1502,1126
045.jpg,2400,3200,apple,703,1405,803,1511
045.jpg,2400,3200,apple,580,1508,695,1605
045.jpg,2400,3200,apple,1236,1623,1340,1727
045.jpg,2400,3200,apple,1708,1728,1835,1861
045.jpg,2400,3200,apple,1798,1850,1917,1965
045.jpg,2400,3200,apple,2283,1866,2394,1962
045.jpg,2400,3200,apple,2232,1938,2332,2026
045.jpg,2400,3200,apple,1528,1866,1638,1953
045.jpg,2400,3200,apple,2271,2100,2367,2204
045.jpg,2400,3200,apple,644,1965,758,2064
045.jpg,2400,3200,apple,619,2120,728,2213
045.jpg,2400,3200,apple,51,2318,174,2429
045.jpg,2400,3200,apple,1155,2299,1273,2412
045.jpg,2400,3200,apple,1098,2082,1211,2183
045.jpg,2400,3200,apple,1360,2181,1450,2270
045.jpg,2400,3200,apple,1567,2303,1657,2401
045.jpg,2400,3200,apple,561,2276,669,2374
045.jpg,2400,3200,apple,470,2357,592,2466
045.jpg,2400,3200,apple,1528,2448,1625,2531
046.jpg,2400,3200,apple,885,1164,992,1269
046.jpg,2400,3200,apple,934,1247,1039,1350
046.jpg,2400,3200,apple,1894,935,1999,1027
046.jpg,2400,3200,apple,1653,1129,1774,1239
046.jpg,2400,3200,apple,2072,1270,2213,1395
046.jpg,2400,3200,apple,890,1437,1011,1540
046.jpg,2400,3200,apple,311,1632,423,1727
046.jpg,2400,3200,apple,1280,1503,1366,1580
046.jpg,2400,3200,apple,1649,1515,1780,1619
046.jpg,2400,3200,apple,2132,1498,2264,1622
046.jpg,2400,3200,apple,934,1915,1041,2007
046.jpg,2400,3200,apple,699,1938,815,2038
046.jpg,2400,3200,apple,1017,1969,1122,2060
046.jpg,2400,3200,apple,1787,1959,1912,2066
046.jpg,2400,3200,apple,965,2139,1078,2242
046.jpg,2400,3200,apple,909,2266,1009,2371
046.jpg,2400,3200,apple,64,1853,178,1933
046.jpg,2400,3200,apple,110,1941,217,2029
046.jpg,2400,3200,apple,1254,2111,1350,2192
046.jpg,2400,3200,apple,48,2560,140,2639
046.jpg,2400,3200,apple,98,2613,192,2699
046.jpg,2400,3200,apple,2273,2460,2384,2563
047.jpg,2400,3200,apple,145,136,284,266
047.jpg,2400,3200,apple,442,29,583,165
047.jpg,2400,3200,apple,1572,178,1723,312
047.jpg,2400,3200,apple,649,221,783,330
047.jpg,2400,3200,apple,701,394,827,509
047.jpg,2400,3200,apple,758,506,898,638
047.jpg,2400,3200,apple,641,554,769,681
047.jpg,2400,3200,apple,420,815,569,941
047.jpg,2400,3200,apple,576,805,676,908
047.jpg,2400,3200,apple,696,966,855,1120
047.jpg,2400,3200,apple,1319,867,1442,997
047.jpg,2400,3200,apple,1409,633,1535,750
047.jpg,2400,3200,apple,1772,925,1881,1028
047.jpg,2400,3200,apple,1838,1001,1949,1121
047.jpg,2400,3200,apple,1858,1317,1977,1429
047.jpg,2400,3200,apple,958,1123,1069,1230
047.jpg,2400,3200,apple,878,1423,992,1520
047.jpg,2400,3200,apple,546,1448,665,1540
047.jpg,2400,3200,apple,246,1976,375,2085
047.jpg,2400,3200,apple,474,2114,611,2241
047.jpg,2400,3200,apple,742,1880,844,1972
047.jpg,2400,3200,apple,748,1992,872,2091
047.jpg,2400,3200,apple,1251,1920,1361,2014
047.jpg,2400,3200,apple,1322,1861,1428,1951
047.jpg,2400,3200,apple,829,2303,953,2410
047.jpg,2400,3200,apple,1147,2430,1285,2554
047.jpg,2400,3200,apple,1236,1543,1361,1663
047.jpg,2400,3200,apple,1422,1641,1559,1758
047.jpg,2400,3200,apple,2136,2310,2252,2427
047.jpg,2400,3200,apple,2238,2288,2360,2395
047.jpg,2400,3200,apple,2086,2069,2187,2168
048.jpg,2400,3200,apple,703,338,837,469
048.jpg,2400,3200,apple,38,1,178,118
048.jpg,2400,3200,apple,1632,46,1749,162
048.jpg,2400,3200,apple,1447,743,1546,838
048.jpg,2400,3200,apple,74,926,182,1028
048.jpg,2400,3200,apple,580,1132,690,1244
048.jpg,2400,3200,apple,1484,1011,1599,1116
048.jpg,2400,3200,apple,1967,865,2071,968
048.jpg,2400,3200,apple,1846,794,1935,884
048.jpg,2400,3200,apple,2240,758,2338,843
048.jpg,2400,3200,apple,1082,1144,1185,1232
048.jpg,2400,3200,apple,984,1184,1097,1280
048.jpg,2400,3200,apple,161,1008,283,1110
048.jpg,2400,3200,apple,228,1311,344,1408
048.jpg,2400,3200,apple,320,1320,414,1408
048.jpg,2400,3200,apple,1828,1338,1963,1462
048.jpg,2400,3200,apple,2032,1586,2144,1690
048.jpg,2400,3200,apple,679,1753,770,1826
048.jpg,2400,3200,apple,1389,1901,1493,2007
048.jpg,2400,3200,apple,595,2019,684,2094
048.jpg,2400,3200,apple,823,2045,928,2157
048.jpg,2400,3200,apple,689,2215,788,2318
048.jpg,2400,3200,apple,596,2244,702,2346
048.jpg,2400,3200,apple,810,2429,910,2537
048.jpg,2400,3200,apple,1298,2342,1407,2456
048.jpg,2400,3200,apple,1188,2026,1297,2129
048.jpg,2400,3200,apple,925,2090,1020,2177
048.jpg,2400,3200,apple,1771,1750,1862,1844
048.jpg,2400,3200,apple,46,255,159,374
049.jpg,2400,3200,apple,796,136,926,270
049.jpg,2400,3200,apple,874,83,1005,208
049.jpg,2400,3200,apple,1006,476,1118,594
049.jpg,2400,3200,apple,896,557,1022,666
049.jpg,2400,3200,apple,2025,148,2151,267
049.jpg,2400,3200,apple,1930,786,2059,905
049.jpg,2400,3200,apple,1615,903,1728,1010
049.jpg,2400,3200,apple,1566,964,1683,1072
049.jpg,2400,3200,apple,874,942,979,1043
049.jpg,2400,3200,apple,995,1122,1131,1244
049.jpg,2400,3200,apple,718,1083,838,1190
049.jpg,2400,3200,apple,1028,1254,1151,1367
049.jpg,2400,3200,apple,300,1002,413,1094
049.jpg,2400,3200,apple,27,1409,144,1529
049.jpg,2400,3200,apple,1940,1023,2059,1141
049.jpg,2400,3200,apple,2195,1222,2313,1346
049.jpg,2400,3200,apple,2253,1141,2377,1257
049.jpg,2400,3200,apple,238,1721,357,1821
049.jpg,2400,3200,apple,757,1734,878,1836
049.jpg,2400,3200,apple,907,1911,1017,2022
049.jpg,2400,3200,apple,723,2015,851,2130
049.jpg,2400,3200,apple,1914,1739,2045,1877
049.jpg,2400,3200,apple,2027,1759,2166,1872
049.jpg,2400,3200,apple,1428,1883,1533,1992
049.jpg,2400,3200,apple,1910,2206,2028,2331
049.jpg,2400,3200,apple,1518,2301,1627,2414
049.jpg,2400,3200,apple,1313,2185,1413,2285
049.jpg,2400,3200,apple,798,2384,913,2494
049.jpg,2400,3200,apple,505,1715,611,1800
050.jpg,2400,3200,apple,969,71,1076,174
050.jpg,2400,3200,apple,957,205,1059,325
050.jpg,2400,3200,apple,1532,483,1626,586
050.jpg,2400,3200,apple,1671,400,1777,523
050.jpg,2400,3200,apple,1750,651,1869,764
050.jpg,2400,3200,apple,945,537,1052,657
050.jpg,2400,3200,apple,1000,682,1109,796
050.jpg,2400,3200,apple,1157,713,1271,836
050.jpg,2400,3200,apple,778,975,903,1088
050.jpg,2400,3200,apple,620,980,709,1056
050.jpg,2400,3200,apple,216,1316,324,1422
050.jpg,2400,3200,apple,288,1284,380,1384
050.jpg,2400,3200,apple,131,1383,259,1507
050.jpg,2400,3200,apple,1126,1190,1245,1294
050.jpg,2400,3200,apple,1161,1279,1275,1383
050.jpg,2400,3200,apple,945,1266,1057,1370
050.jpg,2400,3200,apple,2065,1148,2186,1253
050.jpg,2400,3200,apple,1628,1340,1738,1432
050.jpg,2400,3200,apple,1541,1567,1657,1678
050.jpg,2400,3200,apple,819,1733,923,1830
050.jpg,2400,3200,apple,1114,1987,1223,2092
050.jpg,2400,3200,apple,1763,1832,1860,1926
050.jpg,2400,3200,apple,1755,1940,1851,2027
050.jpg,2400,3200,apple,1573,2143,1673,2247
050.jpg,2400,3200,apple,1856,2140,1962,2243
050.jpg,2400,3200,apple,1890,2275,2001,2389
050.jpg,2400,3200,apple,1406,2356,1531,2474
050.jpg,2400,3200,apple,834,2195,965,2320
050.jpg,2400,3200,apple,625,2164,763,2291
050.jpg,2400,3200,apple,64,2220,178,2338
050.jpg,2400,3200,apple,1046,2413,1134,2497
050.jpg,2400,3200,apple,1373,2451,1484,2559
050.jpg,2400,3200,apple,2050,2220,2159,2336
